confidence_score,rule_supp_count,body_supp_count,head_supp_count,rule,head_rel
0.264443,270,1021,1330,"Make_statement(X0,X1,T1)<-Make_statement(X0,X1,T0)",Make_statement
0.261271,232,888,1036,"Consult(X0,X1,T1)<-inv_Consult(X0,X1,T0)",Consult
0.260876,228,874,1036,"Consult(X0,X1,T1)<-Consult(X0,X1,T0)",Consult
0.270371,146,540,1036,"Consult(X0,X1,T1)<-inv_Express_intent_to_meet_or_negotiate(X0,X1,T0)",Consult
0.166052,89,536,1330,"Make_statement(X0,X1,T1)<-Express_intent_to_meet_or_negotiate(X0,X1,T0)",Make_statement
0.277168,148,534,1036,"Consult(X0,X1,T1)<-Express_intent_to_meet_or_negotiate(X0,X1,T0)",Consult
0.128808,55,427,1330,"Make_statement(X0,X1,T1)<-inv_Host_a_visit(X0,X1,T0)",Make_statement
0.198905,73,367,1330,"Make_statement(X0,X1,T3)<-Make_statement(X0,X1,T0)&inv_Consult(X1,X2,T1)&inv_Consult(X2,X1,T2)",Make_statement
0.230536,83,360,1036,"Consult(X0,X2,T3)<-Consult(X0,X1,T0)&Consult(X1,X0,T1)&Consult(X0,X2,T2)",Consult
0.18911,66,349,1036,"Consult(X0,X2,T3)<-Consult(X0,X1,T0)&Consult(X1,X0,T1)&inv_Consult(X0,X2,T2)",Consult
0.249987,83,332,1330,"Make_statement(X0,X1,T3)<-Make_statement(X0,X1,T0)&Arrest,_detain,_or_charge_with_legal_action(X1,X2,T1)&inv_Arrest,_detain,_or_charge_with_legal_action(X2,X1,T2)",Make_statement
0.237662,77,324,1036,"Consult(X0,X2,T3)<-Make_a_visit(X0,X1,T0)&Host_a_visit(X1,X0,T1)&inv_Consult(X0,X2,T2)",Consult
0.261162,76,291,1036,"Consult(X0,X2,T3)<-inv_Consult(X0,X1,T0)&inv_Consult(X1,X0,T1)&Express_intent_to_meet_or_negotiate(X0,X2,T2)",Consult
0.260361,69,265,1330,"Make_statement(X0,X2,T3)<-inv_Host_a_visit(X0,X1,T0)&inv_Make_a_visit(X1,X0,T1)&Make_statement(X0,X2,T2)",Make_statement
0.19233,45,234,1330,"Make_statement(X0,X1,T3)<-Make_statement(X0,X1,T0)&inv_Host_a_visit(X1,X2,T1)&inv_Make_a_visit(X2,X1,T2)",Make_statement
0.188037,44,234,1036,"Consult(X0,X2,T3)<-Praise_or_endorse(X0,X1,T0)&inv_Praise_or_endorse(X1,X0,T1)&Express_intent_to_meet_or_negotiate(X0,X2,T2)",Consult
0.183447,42,229,1330,"Make_statement(X0,X2,T3)<-Make_statement(X0,X1,T0)&inv_Make_statement(X1,X0,T1)&Make_statement(X0,X2,T2)",Make_statement
0.289898,60,207,1036,"Consult(X0,X2,T3)<-inv_Consult(X0,X1,T0)&inv_Consult(X1,X0,T1)&Engage_in_negotiation(X0,X2,T2)",Consult
0.31982,63,197,1330,"Make_statement(X0,X1,T3)<-Make_statement(X0,X1,T0)&inv_Engage_in_diplomatic_cooperation(X1,X2,T1)&inv_Engage_in_diplomatic_cooperation(X2,X1,T2)",Make_statement
0.288686,56,194,1036,"Consult(X0,X1,T1)<-inv_Engage_in_negotiation(X0,X1,T0)",Consult
0.288686,56,194,1036,"Consult(X0,X1,T1)<-Engage_in_negotiation(X0,X1,T0)",Consult
0.139208,27,194,1330,"Make_statement(X0,X1,T1)<-Engage_in_negotiation(X0,X1,T0)",Make_statement
0.139208,27,194,1330,"Make_statement(X0,X1,T1)<-inv_Engage_in_negotiation(X0,X1,T0)",Make_statement
0.267347,50,187,1036,"Consult(X0,X1,T1)<-Express_intent_to_cooperate(X0,X1,T0)",Consult
0.267347,50,187,1036,"Consult(X0,X1,T1)<-inv_Express_intent_to_cooperate(X0,X1,T0)",Consult
0.13965,25,179,1036,"Consult(X0,X1,T1)<-Express_intent_to_engage_in_diplomatic_cooperation_(such_as_policy_support)(X0,X1,T0)",Consult
0.164565,26,158,1036,"Consult(X0,X1,T1)<-Engage_in_diplomatic_cooperation(X0,X1,T0)",Consult
0.164565,26,158,1036,"Consult(X0,X1,T1)<-inv_Engage_in_diplomatic_cooperation(X0,X1,T0)",Consult
0.320489,50,156,1036,"Consult(X0,X1,T1)<-inv_Sign_formal_agreement(X0,X1,T0)",Consult
0.320489,50,156,1036,"Consult(X0,X1,T1)<-Sign_formal_agreement(X0,X1,T0)",Consult
0.612517,68,111,1036,"Consult(X0,X2,T3)<-inv_Discuss_by_telephone(X0,X1,T0)&inv_Discuss_by_telephone(X1,X0,T1)&inv_Discuss_by_telephone(X0,X2,T2)",Consult
0.247345,23,93,1330,"Make_statement(X0,X1,T3)<-Make_statement(X0,X1,T0)&Express_intent_to_meet_or_negotiate(X1,X2,T1)&Express_intent_to_meet_or_negotiate(X2,X1,T2)",Make_statement
0.229636,17,74,1330,"Make_statement(X0,X1,T1)<-Make_optimistic_comment(X0,X1,T0)",Make_statement
0.472327,34,72,1036,"Consult(X0,X1,T1)<-Meet_at_a_'third'_location(X0,X1,T0)",Consult
0.138836,10,72,1330,"Make_statement(X0,X1,T1)<-inv_Meet_at_a_'third'_location(X0,X1,T0)",Make_statement
0.428398,24,56,1036,"Consult(X0,X1,T1)<-Discuss_by_telephone(X0,X1,T0)",Consult
0.428398,24,56,1036,"Consult(X0,X1,T1)<-inv_Discuss_by_telephone(X0,X1,T0)",Consult
0.196412,11,56,1330,"Make_statement(X0,X1,T1)<-inv_Discuss_by_telephone(X0,X1,T0)",Make_statement
0.199932,10,50,1036,"Consult(X0,X1,T3)<-inv_Consult(X0,X1,T0)&inv_Discuss_by_telephone(X1,X2,T1)&inv_Consult(X2,X1,T2)",Consult
0.276449,13,47,1330,"Make_statement(X0,X1,T3)<-Make_statement(X0,X1,T0)&inv_Sign_formal_agreement(X1,X2,T1)&inv_Express_intent_to_engage_in_diplomatic_cooperation_(such_as_policy_support)(X2,X1,T2)",Make_statement
0.237941,10,42,1330,"Make_statement(X0,X1,T3)<-Make_statement(X0,X1,T0)&Meet_at_a_'third'_location(X1,X2,T1)&Express_intent_to_meet_or_negotiate(X2,X1,T2)",Make_statement
0.433031,13,30,1330,"Make_statement(X0,X1,T3)<-Make_statement(X0,X1,T0)&Make_optimistic_comment(X1,X2,T1)&Express_intent_to_meet_or_negotiate(X2,X1,T2)",Make_statement
0.285888,8,28,1330,"Make_statement(X0,X1,T3)<-Make_statement(X0,X1,T0)&Make_an_appeal_or_request(X1,X2,T1)&inv_Arrest,_detain,_or_charge_with_legal_action(X2,X1,T2)",Make_statement
0.304219,7,23,1036,"Consult(X0,X2,T3)<-inv_Host_a_visit(X0,X1,T0)&Consult(X1,X0,T1)&inv_Consult(X0,X2,T2)",Consult
0.260548,6,23,1330,"Make_statement(X0,X1,T3)<-Make_statement(X0,X1,T0)&Consult(X1,X2,T1)&Make_a_visit(X2,X1,T2)",Make_statement
0.545666,12,22,1330,"Make_statement(X0,X1,T3)<-Make_statement(X0,X1,T0)&Use_conventional_military_force(X1,X2,T1)&Use_unconventional_violence(X2,X1,T2)",Make_statement
0.363777,8,22,1330,"Make_statement(X0,X2,T3)<-Make_an_appeal_or_request(X0,X1,T0)&inv_Make_statement(X1,X0,T1)&Make_statement(X0,X2,T2)",Make_statement
0.381184,8,21,1330,"Make_statement(X0,X1,T3)<-Make_statement(X0,X1,T0)&inv_Praise_or_endorse(X1,X2,T1)&Make_statement(X2,X1,T2)",Make_statement
0.285483,6,21,1036,"Consult(X0,X2,T3)<-inv_Engage_in_diplomatic_cooperation(X0,X1,T0)&Make_statement(X1,X0,T1)&inv_Consult(X0,X2,T2)",Consult
0.437234,7,16,1036,"Consult(X0,X1,T3)<-inv_Express_intent_to_meet_or_negotiate(X0,X1,T0)&inv_Occupy_territory(X1,X2,T1)&Occupy_territory(X2,X1,T2)",Consult
0.266742,4,15,1036,"Consult(X0,X2,T3)<-inv_Make_statement(X0,X1,T0)&inv_Consult(X1,X0,T1)&Consult(X0,X2,T2)",Consult
0.153342,2,13,1036,"Consult(X0,X1,T1)<-Demand_diplomatic_cooperation_(such_as_policy_support)(X0,X1,T0)",Consult
